[{"id":"user-image-07F4A5DA-85D3-470F-B8FA-A778C3914ABC.jpg","publicUrl":"np://user.desktop.nicepage.com/Site_57268831/images/07F4A5DA-85D3-470F-B8FA-A778C3914ABC.jpg","size":402607,"hash":"+3ghtEnYVaGSrAnohRqhJSHW1vY=","fileName":"07F4A5DA-85D3-470F-B8FA-A778C3914ABC.jpg","name":"07F4A5DA-85D3-470F-B8FA-A778C3914ABC","width":828,"height":1472,"thumbnail":{"url":"np://user.desktop.nicepage.com/Site_57268831/images/thumbnails/07F4A5DA-85D3-470F-B8FA-A778C3914ABC.jpg","width":141,"height":250},"usages":["107543627"]},{"id":"user-image-314FF333-4799-45DA-88FA-CCA11048650A.jpg","publicUrl":"np://user.desktop.nicepage.com/Site_57268831/images/314FF333-4799-45DA-88FA-CCA11048650A.jpg","size":218851,"hash":"kYiyP6f1noczX2rfk2HxTy0DfA4=","fileName":"314FF333-4799-45DA-88FA-CCA11048650A.jpg","name":"314FF333-4799-45DA-88FA-CCA11048650A","width":828,"height":1472,"thumbnail":{"url":"np://user.desktop.nicepage.com/Site_57268831/images/thumbnails/314FF333-4799-45DA-88FA-CCA11048650A.jpg","width":141,"height":250},"usages":["107543627"]},{"id":"user-image-CEF25B8F-4BE6-4B5D-968B-CC335B8411C9.jpg","publicUrl":"np://user.desktop.nicepage.com/Site_57268831/images/CEF25B8F-4BE6-4B5D-968B-CC335B8411C9.jpg","size":159254,"hash":"IAHESI0ZZaLigXmpUqb1LyeNSEI=","fileName":"CEF25B8F-4BE6-4B5D-968B-CC335B8411C9.jpg","name":"CEF25B8F-4BE6-4B5D-968B-CC335B8411C9","width":828,"height":1472,"thumbnail":{"url":"np://user.desktop.nicepage.com/Site_57268831/images/thumbnails/CEF25B8F-4BE6-4B5D-968B-CC335B8411C9.jpg","width":141,"height":250},"usages":["107543627"]},{"id":"user-image-IMG_46441.png","publicUrl":"np://user.desktop.nicepage.com/Site_57268831/images/IMG_46441.png","size":3219013,"hash":"NAmM3fwrOZjkxpicG/W2CzKAu4c=","fileName":"IMG_46441.png","name":"IMG_46441","width":3088,"height":2316,"thumbnail":{"url":"np://user.desktop.nicepage.com/Site_57268831/images/thumbnails/IMG_46441.png","width":250,"height":188},"usages":["107543627"]},{"id":"user-image-5887min1.png","publicUrl":"np://user.desktop.nicepage.com/Site_57268831/images/5887min1.png","size":1743591,"hash":"XXXSwzfUaaAd8wS8Su0V9Y55GJ4=","fileName":"5887min1.png","name":"5887min1","width":1920,"height":1280,"thumbnail":{"url":"np://user.desktop.nicepage.com/Site_57268831/images/thumbnails/5887min1.png","width":250,"height":167},"usages":["107543627"]},{"id":"user-image-IMG_3520.PNG","publicUrl":"np://user.desktop.nicepage.com/Site_57268831/images/IMG_3520.PNG","size":5179209,"hash":"aUQuMMaHfFX+xE4ndrmNNVguVPw=","fileName":"IMG_3520.PNG","name":"IMG_3520","width":828,"height":1792,"thumbnail":{"url":"np://user.desktop.nicepage.com/Site_57268831/images/thumbnails/IMG_3520.PNG","width":116,"height":250},"usages":["107543627"]},{"id":"user-image-IMG_3553-copia-copia.jpg","publicUrl":"np://user.desktop.nicepage.com/Site_57268831/images/IMG_3553-copia-copia.jpg","size":1575088,"hash":"570PfWQxlb63TwIlgLkJ7xxbxCE=","fileName":"IMG_3553-copia-copia.jpg","name":"IMG_3553-copia-copia","width":2268,"height":4032,"thumbnail":{"url":"np://user.desktop.nicepage.com/Site_57268831/images/thumbnails/IMG_3553-copia-copia.jpg","width":141,"height":250},"usages":["107543627"]},{"id":"user-image-IMG_3493.jpg","publicUrl":"np://user.desktop.nicepage.com/Site_57268831/images/IMG_3493.jpg","size":740350,"hash":"Poed3aHYkZSk0BpyiOWxJuQjDII=","fileName":"IMG_3493.jpg","name":"IMG_3493","width":1737,"height":3088,"thumbnail":{"url":"np://user.desktop.nicepage.com/Site_57268831/images/thumbnails/IMG_3493.jpg","width":141,"height":250},"usages":["107543627"]},{"id":"user-image-IMG_3392.jpg","publicUrl":"np://user.desktop.nicepage.com/Site_57268831/images/IMG_3392.jpg","size":706207,"hash":"TNC41eIz8fqUJ9ExF8+460JtutE=","fileName":"IMG_3392.jpg","name":"IMG_3392","width":1737,"height":3088,"thumbnail":{"url":"np://user.desktop.nicepage.com/Site_57268831/images/thumbnails/IMG_3392.jpg","width":141,"height":250},"usages":["107543627"]},{"id":"user-image-CE1D3ED4-0354-4FE5-8D36-11D5CB75A24A.jpg","publicUrl":"np://user.desktop.nicepage.com/Site_57268831/images/CE1D3ED4-0354-4FE5-8D36-11D5CB75A24A.jpg","size":301000,"hash":"lf1nb41IqE6ey+y4NdFwBNiEqfI=","fileName":"CE1D3ED4-0354-4FE5-8D36-11D5CB75A24A.jpg","name":"CE1D3ED4-0354-4FE5-8D36-11D5CB75A24A","width":828,"height":1472,"thumbnail":{"url":"np://user.desktop.nicepage.com/Site_57268831/images/thumbnails/CE1D3ED4-0354-4FE5-8D36-11D5CB75A24A.jpg","width":141,"height":250},"usages":["107543627"]},{"id":"user-image-IMG_6091.PNG","publicUrl":"np://user.desktop.nicepage.com/Site_57268831/images/IMG_6091.PNG","size":3110820,"hash":"zZxlp6AlgyLGktG3Zfqd7FEaCUM=","fileName":"IMG_6091.PNG","name":"IMG_6091","width":828,"height":1792,"thumbnail":{"url":"np://user.desktop.nicepage.com/Site_57268831/images/thumbnails/IMG_6091.PNG","width":116,"height":250},"usages":["107543627"]}]